{"layer1_b":[-0.23257455,-0.22435035,-1.7797749,-0.15382187],"layer1_w":[-5.503425,-4.6267376,-6.291232,0.45665365,0.4373084,0.40079218,-5.933645,-6.594685],"layer2_b":[4.704791,-4.6694145],"layer2_w":[-1.8324778,1.3612422,-1.1661896,1.687672,2.452536,-2.4222353,-2.0678365,2.0442185]}
